{
  "hash": "016d1f98",
  "configHash": "8d9c9303",
  "lockfileHash": "9fdd59f2",
  "browserHash": "537c39a7",
  "optimized": {
    "@angular/common": {
      "src": "../../../../../../node_modules/@angular/common/fesm2022/common.mjs",
      "file": "@angular_common.js",
      "fileHash": "7af6a925",
      "needsInterop": false
    },
    "@angular/common/http": {
      "src": "../../../../../../node_modules/@angular/common/fesm2022/http.mjs",
      "file": "@angular_common_http.js",
      "fileHash": "8817a16b",
      "needsInterop": false
    },
    "@angular/core": {
      "src": "../../../../../../node_modules/@angular/core/fesm2022/core.mjs",
      "file": "@angular_core.js",
      "fileHash": "b7325d64",
      "needsInterop": false
    },
    "@angular/forms": {
      "src": "../../../../../../node_modules/@angular/forms/fesm2022/forms.mjs",
      "file": "@angular_forms.js",
      "fileHash": "b28b8344",
      "needsInterop": false
    },
    "@angular/material/button": {
      "src": "../../../../../../node_modules/@angular/material/fesm2022/button.mjs",
      "file": "@angular_material_button.js",
      "fileHash": "50e3112d",
      "needsInterop": false
    },
    "@angular/material/core": {
      "src": "../../../../../../node_modules/@angular/material/fesm2022/core.mjs",
      "file": "@angular_material_core.js",
      "fileHash": "7ee8bda9",
      "needsInterop": false
    },
    "@angular/material/form-field": {
      "src": "../../../../../../node_modules/@angular/material/fesm2022/form-field.mjs",
      "file": "@angular_material_form-field.js",
      "fileHash": "e58dea4c",
      "needsInterop": false
    },
    "@angular/material/input": {
      "src": "../../../../../../node_modules/@angular/material/fesm2022/input.mjs",
      "file": "@angular_material_input.js",
      "fileHash": "d2d7bafc",
      "needsInterop": false
    },
    "@angular/material/select": {
      "src": "../../../../../../node_modules/@angular/material/fesm2022/select.mjs",
      "file": "@angular_material_select.js",
      "fileHash": "bcf08598",
      "needsInterop": false
    },
    "@angular/platform-browser": {
      "src": "../../../../../../node_modules/@angular/platform-browser/fesm2022/platform-browser.mjs",
      "file": "@angular_platform-browser.js",
      "fileHash": "8ba98eba",
      "needsInterop": false
    },
    "@angular/router": {
      "src": "../../../../../../node_modules/@angular/router/fesm2022/router.mjs",
      "file": "@angular_router.js",
      "fileHash": "9f59d74e",
      "needsInterop": false
    }
  },
  "chunks": {
    "chunk-ZZDTJ6GS": {
      "file": "chunk-ZZDTJ6GS.js"
    },
    "chunk-EEZ6UTAE": {
      "file": "chunk-EEZ6UTAE.js"
    },
    "chunk-3Q2Y5FZ5": {
      "file": "chunk-3Q2Y5FZ5.js"
    },
    "chunk-7TY6UB4V": {
      "file": "chunk-7TY6UB4V.js"
    },
    "chunk-VS7AJTUZ": {
      "file": "chunk-VS7AJTUZ.js"
    },
    "chunk-MO6SFFC6": {
      "file": "chunk-MO6SFFC6.js"
    },
    "chunk-XMAUVF2D": {
      "file": "chunk-XMAUVF2D.js"
    }
  }
}